name,win
Uriah Hall,8
Anderson Silva,31
Bryce Mitchell,4
Andre Fili,9
Kevin Holland,7
Makhmud Muradov,2
Maurice Greene,4
Greg Hardy,5
Bobby Green,12
Thiago Moises,3
Chris Gruetzemacher,3
Alexander Hernandez,3
Adrian Yanez,1
Aaron Phillips,0
Sean Strickland,7
Jack Marshman,3
Cole Williams,0
Jason Witt,0
Dustin Jacoby,1
Justin Ledet,3
Cortney Casey,5
Priscila Cachoeira,1
Miles Johns,2
Kevin Natividad,0
Khabib Nurmagomedov,13
Justin Gaethje,5
Robert Whittaker,13
Jared Cannonier,6
Alexander Volkov,6
Walt Harris,6
Phillip Hawes,2
Jacob Malkoun,0
Lauren Murphy,6
Liliya Shakirova,0
Magomed Ankalaev,5
Ion Cutelaba,4
Tai Tuivasa,4
Stefan Struve,13
Casey Kenney,6
Nathaniel Wood,4
Shavkat Rakhmonov,1
Alex Oliveira,11
Da-Un Jung,2
Sam Alvey,10
Miranda Maverick,1
Liana Jojua,1
Joel Alvarez,3
Alexander Yakovlev,3
Brian Ortega,7
Chan Sung Jung,6
Jessica Andrade,12
Katlyn Chookagian,7
Jimmy Crute,5
Modestas Bukauskas,1
James Krause,9
Claudio Silva,5
Jonathan Martinez,4
Thomas Almeida,5
Guram Kutateladze,1
Mateusz Gamrot,0
Gillian Robertson,6
Poliana Botelho,3
Junyong Park,2
John Phillips,1
Fares Ziam,1
Jamie Mullarkey,0
Maxim Grishin,1
Gadzhimurad Antigulov,2
Said Nurmagomedov,3
Mark Striegl,0
Cory Sandhagen,6
Marlon Moraes,5
Edson Barboza,15
Makwan Amirkhani,6
Marcin Tybura,7
Ben Rothwell,15
Dricus Du Plessis,1
Markus Perez,2
Tom Aspinall,2
Alan Baudot,0
Ilia Topuria,1
Youssef Zalal,3
Tom Breese,5
KB Bhullar,0
Chris Daukaus,2
Rodrigo Nascimento,2
Joaquin Buckley,1
Impa Kasanganay,3
Tony Kelley,1
Ali AlQaisi,0
Giga Chikadze,4
Omar Morales,3
Tracy Cortez,3
Stephanie Egger,0
Tagir Ulanbekov,1
Bruno Silva,0
Holly Holm,7
Irene Aldana,5
Carlos Felipe,1
Yorgan De Castro,2
Germaine de Randamie,9
Julianna Pena,5
Kyler Phillips,3
Cameron Else,0
Dusko Todorovic,2
Dequan Townsend,0
Carlos Condit,13
Court McGee,8
Charles Jourdain,1
Josh Culibao,0
Nassourdine Imavov,1
Jordan Williams,1
Loma Lookboonmee,2
Jinh Yu Frey,0
Heili Alateng,2
Luigi Vendramini,1
Jessin Ayari,1
Israel Adesanya,9
Paulo Costa,5
Jan Blachowicz,10
Dominick Reyes,6
Brandon Royval,2
Kai Kara-France,4
Ketlen Vieira,5
Sijara Eubanks,4
Hakeem Dawodu,5
Zubaira Tukhugov,4
Brad Riddell,3
Alex Da Silva,1
Jake Matthews,10
Diego Sanchez,22
Ludovit Klein,1
Shane Young,2
William Knight,3
Aleksa Camur,2
Juan Espino,2
Jeff Hughes,1
Danilo Marques,1
Khadis Ibragimov,0
Colby Covington,11
Tyron Woodley,17
Donald Cerrone,29
Niko Price,6
Khamzat Chimaev,3
Gerald Meerschaert,6
Johnny Walker,5
Ryan Spann,5
Mackenzie Dern,4
Randa Markos,6
Darren Stewart,5
David Dvorak,2
Jordan Espinosa,4
Damon Jackson,1
Mirsad Bektic,6
Mayra Bueno Silva,3
Mara Romero Borella,2
Jessica-Rose Clark,3
Sarah Alpar,1
Darrick Minner,1
TJ Laramie,1
Randy Costa,2
Journey Newson,0
Andre Ewell,4
Irwin Rivera,1
Tyson Nam,2
Jerome Rivera,1
Michelle Waterson,8
Angela Hill,7
Ottman Azaitar,2
Khama Worthy,2
Roxanne Modafferi,4
Andrea Lee,3
Ed Herman,13
Mike Rodriguez,3
Alan Patrick,5
Billy Quarantillo,4
Kyle Nelson,1
Julia Avila,2
Kevin Croom,1
Roosevelt Roberts,5
Alexandr Romanov,1
Roque Martinez,0
Jalin Turner,4
Brok Weaver,2
Bryan Barberena,6
Anthony Ivy,0
Sabina Mazo,3
Justine Kish,3
Alistair Overeem,33
Augusto Sakai,5
Ovince Saint Preux,19
Alonzo Menifield,4
Michel Pereira,2
Zelim Imadaev,0
Andre Muniz,4
Bartosz Fabinski,3
Brian Kelleher,6
Ray Rodriguez,0
Viviane Araujo,3
Montana De La Rosa,4
Hunter Azure,3
Cole Smith,1
Aleksandar Rakic,5
Anthony Smith,10
Neil Magny,17
Robbie Lawler,19
Alexa Grasso,4
Ji Yeon Kim,3
Ricardo Lamas,15
Bill Algeo,0
Maki Pitolo,2
Zak Cummings,9
Alessio Di Chirico,3
Alex Caceres,12
Austin Springer,1
Sean Brady,3
Christian Aguilera,1
Polyana Viana,2
Emily Whitmire,2
Mallory Martin,2
Hannah Cifers,2
Frankie Edgar,18
Pedro Munhoz,8
Marcin Prachnio,0
Joe Solecki,3
Austin Hubbard,2
Shana Dobson,2
Mariya Agapova,1
Daniel Rodriguez,4
Dwight Grant,3
Amanda Lemos,2
Inoue Mizuki,1
Jordan Wright,1
Ike Villanueva,0
Matthew Semelsberger,1
Carlton Minus,0
Timur Valiev,0
Trevin Jones,0
Stipe Miocic,14
Daniel Cormier,19
Marlon Vera,10
Sean O'Malley,5
Jairzinho Rozenstruik,5
Junior Dos Santos,15
Daniel Pineda,4
Herbert Burns,3
Merab Dvalishvili,5
John Dodson,10
Vinc Pichel,6
Jim Miller,21
Virna Jandiroba,2
Felice Herrig,5
Danny Chavez,1
TJ Brown,1
Livinha Souza,3
Ashley Yoder,2
Parker Porter,0
Kai Kamaka,1
Derrick Lewis,15
Aleksei Oleinik,8
Chris Weidman,11
Omari Akhmedov,8
Yana Kunitskaya,3
Julija Stoliarenko,0
Beneil Dariush,13
Scott Holtzman,7
Tim Means,12
Laureano Staropoli,2
Nasrat Haqparast,4
Alexander Munoz,1
Andrew Sanchez,5
Wellington Turman,1
Gavin Tucker,3
Justin Jaynes,1
Peter Barrett,1
Derek Brunson,15
Edmen Shahbazyan,5
Jennifer Maia,3
Joanne Calderwood,6
Vicente Luque,12
Randy Brown,6
Lando Vannata,3
Frankie Saenz,5
Nate Maness,1
Johnny Munoz,0
Jamall Emmers,1
Vince Cachero,0
Chris Gutierrez,3
Cody Durden,0
Darren Till,6
Mauricio Rua,27
Rogerio Nogueira,19
Fabricio Werdum,23
Alexander Gustafsson,10
Carla Esparza,8
Marina Rodriguez,3
Paul Craig,5
Peter Sobotta,4
Rhys McKee,0
Francisco Trinaldo,16
Jai Herbert,0
Jesse Ronson,1
Nicolas Dalby,2
Jake Collier,3
Movsar Evloev,3
Mike Grundy,1
Tanner Boser,3
Raphael Pessoa,1
Pannie Kianzad,2
Bethe Correia,5
Ramazan Emeev,4
Niklas Stolze,0
John Castaneda,1
Deiveson Figueiredo,8
Joseph Benavidez,21
Jack Hermansson,8
Kelvin Gastelum,10
Rafael Fiziev,2
Marc Diakiese,5
Ariane Lipski,2
Luana Carolina,2
Askar Askarov,2
Alexandre Pantoja,6
Roman Dolidze,1
Grant Dawson,5
Nad Narimani,2
Joe Duffy,4
Brett Johns,5
Montel Jackson,4
Amir Albazi,1
Malcolm Gordon,0
Arman Tsarukyan,2
Davi Ramos,4
Serghei Spivac,2
Calvin Kattar,6
Dan Ige,7
Tim Elliott,5
Ryan Benoit,3
Jimmie Rivera,7
Cody Stamann,5
Taila Santos,2
Molly McCann,3
Mounir Lazzez,1
Abdul Razak Alhassan,4
Lerone Murphy,1
Ricardo Ramos,5
Andreas Michailidis,0
Jared Gordon,4
Chris Fishgold,1
Diana Belbita,0
Jack Shore,2
Kamaru Usman,12
Jorge Masvidal,17
Alexander Volkanovski,9
Max Holloway,17
Petr Yan,7
Jose Aldo,18
Rose Namajunas,7
Amanda Ribas,4
Paige VanZant,5
Jiri Prochazka,1
Volkan Oezdemir,5
Muslim Salikhov,4
Elizeu Zaleski dos Santos,8
Danny Henry,2
Leonardo Santos,7
Roman Bogatov,0
Raulian Paiva,3
Zhalgas Zhumagulov,0
Karol Rosa,2
Vanessa Melo,0
Davey Grant,3
Martin Day,0
Dustin Poirier,19
Dan Hooker,10
Mike Perry,7
Mickey Gall,5
Gian Villante,10
Brendan Allen,4
Kyle Daukaus,1
Takashi Sato,2
Julian Erosa,3
Sean Woodson,2
Luis Pena,4
Philipe Lins,0
Kay Hansen,1
Jordan Griffin,2
Curtis Blaydes,9
Josh Emmett,7
Shane Burgos,6
Raquel Pennington,8
Marion Reneau,5
Belal Muhammad,8
Lyman Good,3
Clay Guida,17
Tecia Torres,7
Brianna Van Buren,1
Marc-Andre Barriault,1
Oskar Piechota,2
Frank Camacho,2
Max Rohskopf,0
Cynthia Calvillo,6
Jessica Eye,5
Marvin Vettori,5
Karl Roberson,5
Charles Rosa,4
Kevin Aguilar,3
Mark De La Rosa,2
Gustavo Lopez,0
Gina Mazany,1
Zarrukh Adashev,0
Amanda Nunes,14
Felicia Spencer,2
Cody Garbrandt,7
Raphael Assuncao,14
Aljamain Sterling,11
Anthony Rocco Martin,9
Eddie Wineland,11
Chase Hooper,2
Ian Heinisch,4
Charles Byrd,3
Alex Perez,7
Jussier Formiga,9
Devin Clark,6
Evan Dunham,11
Gilbert Burns,12
Blagoy Ivanov,2
Spike Carlyle,1
Antonina Shevchenko,3
Gabe Green,0
Jamahal Hill,3
Klidson Abreu,1
Louis Smolka,7
Vince Morales,1
Claudia Gadelha,7
Krzysztof Jotko,9
Eryk Anders,5
Song Yadong,5
Miguel Baeza,3
Matt Brown,15
Anthony Hernandez,1
Nate Landwehr,1
Darren Elkins,14
Don'Tale Mayes,2
Glover Teixeira,17
Drew Dober,10
Ricky Simon,5
Ray Borg,7
Andrei Arlovski,20
Michael Johnson,11
Sarah Moras,3
Gabriel Benitez,5
Chase Sherman,3
Tony Ferguson,15
Henry Cejudo,10
Dominick Cruz,12
Francis Ngannou,10
Jeremy Stephens,15
Anthony Pettis,15
Charles Oliveira,17
Kevin Lee,11
Demian Maia,22
Renato Moicano,6
Damir Hadzovic,3
Nikita Krylov,8
John Makdessi,10
Brandon Moreno,5
Aleksei Kunchenko,2
Rani Yahya,15
Enrique Barzola,6
Maryna Moroz,5
Bea Malecki,2
Veronica Macedo,1
Yoel Romero,9
Zhang Weili,5
Joanna Jedrzejczyk,10
Drakkar Klose,5
Li Jingliang,9
Max Griffin,3
Jose Quinonez,5
Mark Madsen,2
Rodolfo Vieira,2
Saparbeg Safarov,1
Deron Winn,1
Batgerel Danaa,1
Guido Cannetti,2
Zarah Fairn,0
Megan Anderson,3
Norma Dumont,0
Gabriel Silva,0
Steve Garcia,1
Aalon Cruz,1
Ismail Naurdiev,2
Paul Felder,9
Michal Oleksiejczuk,2
Yan Xiaonan,5
Karolina Kowalkiewicz,5
Marcos Rogerio de Lima,6
Ben Sosoli,0
Magomed Mustafaev,3
Emil Meek,1
Song Kenan,4
Callan Potter,1
Corey Anderson,10
Kazula Vargas,0
Rogerio Bontorin,3
Yancy Medeiros,8
Macy Chiasson,4
Shanna Young,0
Jon Jones,20
Valentina Shevchenko,8
Justin Tafa,1
Juan Adams,2
Ilir Latifi,7
Trevin Giles,3
Khaos Williams,1
Alex Morono,6
Mario Bautista,2
Domingo Pilarte,1
Austin Lingo,0
Michael Chiesa,10
Rafael Dos Anjos,18
Darko Stosic,1
Bevon Lewis,3
Arnold Allen,7
Nik Lentz,14
Lucie Pudilova,2
Felipe Colares,1
Sara McMann,10
Lina Lansberg,4
Tony Gravely,1
Conor McGregor,10
Ode Osbourne,1
Diego Ferreira,8
Maycee Barber,4
Sodiq Yusuff,5
JJ Aldrich,4
Dooho Choi,3
Kyung Ho Kang,6
Pingyuan Liu,2
Ciryl Gane,3
SeungWoo Choi,1
Suman Mokhtarian,0
Dong Hyun Ma,3
Matt Schnell,4
Raoni Barcelos,4
Miranda Granger,1
Urijah Faber,20
Geoff Neal,6
Ben Saunders,9
Daniel Teymur,1
Punahele Soriano,2
Aspen Ladd,4
Rob Font,7
Thiago Alves,15
Jacob Kilburn,0
Matt Sayles,2
Matt Wiman,10
Trevor Smith,7
Jacare Souza,19
Antonio Arroyo,2
Sergio Moraes,8
Eduardo Garagorri,1
Warlley Alves,7
Douglas Silva de Andrade,4
Renan Barao,11
Isabela de Padua,0
Zabit Magomedsharipov,6
Danny Roberts,6
Shamil Gamzatov,1
Dalcha Lungiambula,1
Rustam Khabilov,10
Sergey Khandozhko,1
Roman Kopylov,0
David Zawada,1
Abubakar Nurmagomedov,0
Grigory Popov,0
Nate Diaz,19
Stephen Thompson,10
Gregor Gillespie,6
Brad Tavares,12
Chance Rencountre,2
Julio Arce,4
Ben Askren,1
Stevie Ray,7
Alex White,4
Sergei Pavlovich,2
Aleksandra Albu,2
Yair Rodriguez,8
Joe Lauzon,15
Jonathan Pearce,1
Manny Bermudez,3
Kyle Bochniak,2
Boston Salmon,1
Daniel Spitz,1
Cub Swanson,16
Kron Gracie,1
James Vick,9
Matt Frevola,3
Mike Davis,1
Thomas Gifford,0
Hector Aldana,0
Lauren Mueller,2
Al Iaquinta,9
Dhiego Lima,4
Luke Jumeau,2
Rostem Akman,0
Nadia Kassem,1
Khalid Taha,1
Danilo Belluardo,0
Gunnar Nelson,8
Khalil Rountree Jr.,4
Alen Amedovski,0
Siyar Bahadurzada,4
Brandon Davis,3
Nohelin Hernandez,0
Steven Peterson,2
Martin Bravo,1
Carlos Huachin,0
Marco Polo Reyes,4
Ariane Carnelossi,0
Sergio Pettis,9
Vinicius Moreira,1
Claudio Puelles,2
Marcos Mariano,0
Todd Duffee,3
Tristan Connelly,1
Antonio Carlos Junior,7
Misha Cirkunov,6
Brad Katona,2
Chas Skelly,7
Ryan MacDonald,0
Kyle Prepolec,0
Islam Makhachev,7
Shamil Abdurakhimov,5
Mairbek Taisumov,7
Teemu Packalen,1
Nordine Taleb,7
Don Madge,2
Derrick Krantz,0
Wu Yanan,1
Su Mudaerji,1
Andre Soukhamthath,2
Damir Ismagulov,3
Lara Procopio,0
Devonte Smith,3
Christos Giagos,3
Jodie Esquibel,0
Liz Carmouche,7
Humberto Bandenay,1
Bobby Moffett,1
Geraldo de Freitas,1
Joaquim Silva,4
Kennedy Nzechukwu,3
Salim Touahri,0
Hannah Goldy,1
Cristiane Justino,12
Olivier Aubin-Mercier,7
Alexis Davis,8
Yoshinori Horie,0
Sarah Frota,1
Erik Koch,8
Kyle Stewart,1
Leon Edwards,10
Jin Soo Son,0
Cezar Ferreira,9
John Allan,0
Sheymon Moraes,2
Nicco Montano,1
Ryan Hall,4
Benito Lopez,3
Thiago Santos,13
Luke Rockhold,15
Gilbert Melendez,17
Alejandro Perez,7
Dan Moret,0
Junior Albini,1
Anderson Dos Santos,0
Syuri Kondo,1
Allen Crowder,2
Eric Spicely,2
Tatiana Suarez,5
Nina Ansaroff,4
Jimi Manuwa,6
Sung Bin Jo,0
Tonya Evinger,0
Nick Hein,4
Duda Santana,0
Desmond Green,4
Michael Trizano,2
Patrick Cummins,7
Kurt Holobaugh,0
BJ Penn,16
Talita Bernardo,1
Elias Theodorou,8
Aiemann Zahabi,1
Arjan Bhullar,3
Mitch Gagnon,4
Dmitrii Smoliakov,0
John Lineker,12
Jason Gonzalez,1
Marcelo Golm,1
Sultan Aliev,2
Keita Nakamura,5
Alan Jouban,7
Wilson Reis,7
Curtis Millender,3
David Branch,4
Jessica Aguilar,1
Ross Pearson,12
Justin Willis,4
Jesus Pinedo,1
Eric Shelton,2
Jordan Rinaldi,2
Nicolae Negumereanu,0
Tim Boetsch,12
Zak Ottow,4
Carlo Pedersoli Jr.,1
Michel Prazeres,10
Cain Velasquez,14
Myles Jury,8
Ashlee Evans-Smith,3
Luke Sanders,4
Austin Arnett,1
Teruto Ishihara,3
Wuliji Buren,0
David Teymur,5
Bibulatov Magomed,1
TJ Dillashaw,12
Dustin Ortiz,10
Rachael Ostovich,1
Dennis Bermudez,10
Te Edwards,1
Chad Mendes,13
Cat Zingano,3
Adam Milstead,1
Chris de la Rocha,1
Matthew Lopez,2
Chad Laprise,6
Tyson Pedro,3
Mark Hunt,13
Yushin Okami,16
Ben Nguyen,4
Elias Garcia,0
Mizuto Hirota,1
Alex Gorgees,0
Justin Frazier,0
Bryan Caraway,8
Rick Glenn,3
Michel Batista,0
Leah Letson,1
Darrell Horcher,1
Ricky Rainey,0
Rashad Coulter,1
Hu Yaozong,0
Santiago Ponzinibbio,9
Yuta Sasaki,4
Devin Powell,1
Amanda Cooper,2
John Gunther,1
Joseph Morales,1
Joby Sanchez,3
Jason Knight,4
Adam Wieczorek,2
Artem Lobov,2
Alex Garcia,5
Thibault Gouti,1
Gray Maynard,11
Ryan LaFlare,7
Luis Henrique,2
Thales Leites,13
Hector Lombard,3
Alex Chambers,1
Khalid Murtazaliev,1
CB Dollaway,11
Kajan Johnson,4
Jordan Johnson,4
Adam Yandiev,0
Stefan Sekulic,0
Terrion Ware,0
Craig White,0
Jarred Brooks,2
Robert Sanchez,1
Jake Ellenberger,10
John Moraga,8
Tim Williams,0
Iuri Alcantara,11
George Sullivan,3
Kalindra Faria,0
Jon Tuck,4
Demetrious Johnson,17
Jose Torres,1
Danielle Taylor,2
Eddie Alvarez,8
Jordan Mein,7
Matheus Nicolau Pereira,3
Alvaro Herrera Mendoza,1
Abu Azaitar,1
Vitor Miranda,3
Jeremy Kimball,1
Damian Stasiak,2
Sage Northcutt,6
Justin Scoggins,4
Gokhan Saki,1
Jamie Moyle,1
Joe Giannetti,0
Jay Cucciniello,0
Barb Honchak,0
Julian Marquez,2
Richie Smullen,0
Allan Zuniga,0
Tyler Diamond,0
Matt Bessette,0
Daichi Abe,1
Felipe Arantes,5
Rolando Dy,1
Shinsho Anzai,2
Viviane Pereira,2
Naoki Inoue,1
Jenel Lausa,1
Melinda Fabian,0
Mike Jackson,1
CM Punk,0
Rashad Evans,17
Mike Santiago,1
Gleison Tibau,16
Johnny Eduardo,3
Mads Burnell,1
Daniel Kelly,6
Brad Scott,3
Diego Rivas,2
Henry Briones,1
Felipe Silva,1
Lyoto Machida,24
Vitor Belfort,24
Alberto Mina,3
James Bochnovic,0
Luan Chagas,1
Patrick Williams,1
Bec Rawlings,2
Tom Duquesnoy,2
Oliver Enkamp,0
Dmitry Sosnovskiy,1
Mark Godbeer,2
Mike Pyle,14
Russell Doane,3
Albert Morales,1
Brian Camozzi,0
Joshua Burkman,6
Cyril Asker,2
Damien Brown,2
Rob Wilkinson,0
Jeremy Kennedy,3
Timothy Johnson,4
Maia Stevenson,0
Joe Soto,3
Godofredo Pepey,5
Juliana Lima,3
Francimar Barroso,4
Sabah Homasi,0
Galore Bofando,1
Abel Trujillo,6
Oluwale Bamgbose,1
Erick Silva,7
Carls John De Tomas,0
Antonio Braga Neto,1
Angela Magana,0
DeAnna Bennett,0
Christina Marks,0
Ryan Janes,2
Karine Gevorgyan,0
Ariel Beck,0
Michael Bisping,23
Wang Guan,1
Bobby Nash,0
Kailin Curran,1
Bharat Kandare,0
Bojan Velickovic,2
Ashkan Mokhtarian,0
Will Brooks,2
Anthony Hamilton,3
Nate Marquardt,14
Michel Quinones,0
Marcel Fortuna,1
Georges St-Pierre,26
Johny Hendricks,15
Hacran Dias,3
Christian Colombo,0
Jonathan Wilson,1
Marcin Held,1
Pearl Gonzalez,0
Marco Beltran,3
Takanori Gomi,17
Henrique da Silva,2
Chan-Mi Jeon,0
Hyun Gyu Lim,3
Alex Reyes,0
Azunna Anyanwu,1
Jason Saggo,3
Mitch Clarke,2
Adriano Martins,5
Abdul-Kerim Edilov,1
Bojan Mihajlovic,0
Andrew Holbrook,2
Hector Sandoval,2
Rafael Natal,9
Damian Grabowski,0
Chris Wade,5
Frankie Perez,1
James Mulheron,0
Neil Seery,3
Charlie Ward,0
Leslie Smith,4
Daniel Omielanczuk,4
Travis Browne,9
Jesse Taylor,2
Nick Roehrick,0
Tom Gallicchio,0
Joachim Christensen,1
Dennis Siver,12
Johnny Case,4
Josh Stansbury,1
Dong Hyun Kim,13
Tarec Saffiedine,9
Kwan Ho Kwak,0
Dominique Steele,2
Kiichi Kunimoto,3
Jim Wallhead,0
Alex Nicholson,1
Chris Camozzi,9
Reza Madadi,3
Nicholas Musoke,3
Michael McBride,0
Jessica Penne,4
Cindy Dandois,0
Joe Proctor,4
Roy Nelson,9
Rashid Magomedov,5
Augusto Mendes,1
Nathan Coy,2
Anthony Johnson,13
Gegard Mousasi,29
Patrick Cote,13
Mike de la Torre,2
Brad Pickett,8
Scott Askham,2
Rony Jason,4
Garreth McLellan,1
Sam Sicilia,5
Alex Ricci,0
Reginaldo Vieira,1
Phillipe Nover,1
Roan Carneiro,4
Michinori Tanaka,2
Daniel Jolly,0
JC Cottrell,0
Viktor Pesta,1
Jocelyn Jones-Lybarger,0
Ronda Rousey,10
Brandon Thatch,2
Cole Miller,10
James Moontasri,2
Takeya Mizugaki,10
Fredy Serrano,2
Tim Kennedy,10
Valerie Letourneau,3
Zach Makovsky,3
Sean O'Connell,2
Joseph Gigliotti,0
Tiago dos Santos e Silva,2
Keith Berish,0
Brendan O'Reilly,1
Elvis Mutapcic,0
Kyle Noke,7
Yusuke Kasuya,0
Seo Hee Ham,1
Jonathan Meunier,1
Richard Walsh,2
Geane Herrera,1
Guangyou Ning,2
Yao Zhikui,1
Ryan Bader,15
Manvel Gamburyan,9
Magnus Cedenblad,4
Kyoji Horiguchi,7
Ali Bagautinov,4
Anna Elmose,0
Milana Dudieva,1
Miesha Tate,11
Heather Clark,1
Erik Perez,7
Erick Montano,1
Jason Novelli,0
Chris Avila,0
Dan Henderson,27
Albert Tumenov,5
Lukasz Sajewski,0
Tamdan McCrory,4
Cody East,0
Kelly Faszholz,0
Antonio Silva,10
Hector Urbina,1
Glaico Franca Moreira,1
Kenny Robertson,4
Maximo Blanco,4
Augusto Montano,1
Leonardo Guimaraes,0
Joey Gomez,0
Caio Magalhaes,4
Sean Spencer,3
Josh Barnett,21
Tae Hyun Bang,2
Taylor Lapilus,3
Leandro Issa,2
Jarjis Danho,0
Leandro Silva,3
Kevin Casey,2
Shane Campbell,1
Rick Story,12
Elizabeth Phillips,1
Lorenz Larkin,9
Alberto Uda,0
Horacio Gutierrez,0
Tatsuya Kawajiri,20
Francisco Rivera,4
Michael Graves,2
Cesar Arzamendia,0
Jim Alers,1
Michael McDonald,7
Josh Samman,3
Cristina Stanciu,0
Cody Pfister,1
Brock Lesnar,5
Enrique Marin,0
Thiago Tavares,10
Fernando Bruno,0
Cory Hendricks,0
Anton Zafir,0
Mehdi Baghdad,0
Anthony Birchak,2
Dileno Lopes,0
Jerrod Sanders,1
Rory MacDonald,9
Steve Bosse,2
Chris Beal,2
Yan Cabral,3
Dominic Waters,0
Willie Gates,1
Chris Kelades,2
Clint Hester,4
Efrain Escudero,5
Gabriel Gonzaga,12
Igor Pokrajac,4
Ian Entwistle,1
Filip Pejic,0
Lucas Martins,4
Robert Whiteford,2
Frank Mir,16
James Te Huna,5
Mark Eddiva,1
Rin Nakai,0
Viscardi Andrade,3
Tom Lawlor,6
Marcelo Guimaraes,2
Justin Salas,3
Mike Wilkinson,2
Chris Dempsey,1
Yaotzin Meza,2
Norman Parke,5
Martin Svensson,0
Joe Riggs,9
Daniel Sarafian,2
Jonavin Webb,0
Jared Rosholt,6
Rafael Cavalcante,8
KJ Noons,9
Noad Lahat,2
Masio Fullen,1
Matt Dwyer,1
Levan Makashvili,1
Felipe Olivieri,0
Matt Mitrione,9
Daron Cruickshank,6
Diego Brandao,6
Tony Sims,1
Masanori Kanehara,2
Sheldon Westcott,1
Edgar Garcia,1
Sarah Kaufman,7
Danny Castillo,12
Hayder Hassan,1
Marcio Alexandre Junior,1
Marcin Wrzosek,0
Konstantin Erokhin,0
Mike Pierce,10
Abner Lloveras,0
John Howard,7
Andreas Stahl,0
Emily Kagan,0
Benson Henderson,16
Yoshihiro Akiyama,14
Dongi Yang,2
Yui Chul Nam,1
Leo Kuntz,0
Scott Jorgensen,11
Vernon Ramos Ho,0
Valmir Lazaro,1
Akbarh Arreola,1
Anthony Perosh,5
Danny Martinez,1
Richie Vaculik,1
Steve Montgomery,0
Steve Kennedy,0
Piotr Hallmann,2
Fabio Maldonado,5
Edimilson Souza,3
Gasan Umalatov,1
Bruno Rodrigues,0
Paddy Holohan,3
Jon Delos Reyes,1
Mickael Lebout,1
Aisling Daly,2
Ericka Almeida,0
Cathal Pendred,4
Bubba Bush,0
Ruslan Magomedov,3
Shawn Jordan,7
Francisco Trevino,1
Chris Cariaso,11
Chico Camus,3
George Roop,6
Katsunori Kikuno,5
Naoyuki Kotani,0
Roger Zapata,0
Clay Collard,1
Ron Stallings,1
Nazareno Malegarie,0
Sam Stout,9
Yves Jabouin,6
Elias Silverio,3
Tom Watson,2
Sirwan Kakai,1
Roman Salazar,0
Anthony Christodoulou,0
Antonio Rodrigo Nogueira,23
Soa Palelei,4
Hugo Viana,3
Ramsey Nijem,5
Jessamyn Duke,1
Ivan Jorge,2
Pawel Pawlak,1
Leonardo Mafra,1
Vaughan Lee,3
Hans Stringer,1
Paul Redmond,0
Marcus Brimage,4
Josh Thomson,15
Igor Araujo,2
Ildemar Alcantara,4
Andrew Craig,3
Dan Miller,8
Darrell Montague,0
Mike Swick,12
Yosdenis Cedeno,1
Eddie Gordon,1
Joe Merritt,0
Lewis Gonzalez,0
Alan Omer,0
Niklas Backstrom,1
Antonio Dos Santos,0
Brian Ebersole,6
Justin Edwards,2
Ricardo Abreu,1
Leonardo Morales,0
Ryan Jimmo,3
Wendell Oliveira Marques,0
Luiz Dutra,0
Josh Sampo,1
Constantinos Philippou,6
Mark Munoz,11
Luke Barnatt,3
Zhang Lipeng,2
Royston Wee,2
Roldan Sangcha'an,0
Nolan Ticman,0
Hatsu Hioki,4
Lisa Ellis,0
Dylan Andrews,2
Vik Grujic,1
Alptekin Ozkilic,1
Quinton Jackson,21
David Michaud,1
Chris Clements,2
Jessica Rakoczy,0
Jimy Hettes,3
Mirko Filipovic,28
Seth Baczynski,5
Izabela Badurek,0
Marcin Bandel,0
Rocky Lee,0
Robert Peralta,5
Justin Jones,0
Josh Koscheck,15
Shayna Baszler,0
Cain Carrizosa,0
Jorge de Oliveira,0
Bentley Syler,0
Roger Narvaez,1
Josh Copeland,0
Jake Lindsey,0
Larissa Pacheco,0
Norifumi Yamamoto,1
Ruan Potts,0
Alex Torres,0
William Macario,1
Cody Gibson,1
Josh Shockley,0
Patrick Walsh,1
Rodrigo de Lima,0
Nick Diaz,19
Ian McCall,3
Richardson Moreira,0
Andy Enz,0
Phil Davis,9
Akira Corassani,3
Andy Ogle,1
Stanislav Nedkov,1
Shane Howell,0
Sean Soriano,0
Matt Van Buren,0
Tateki Matsuda,0
Louis Gaudinot,1
Rodrigo Damm,3
Mats Nilsson,0
Alexis Dufresne,0
Mike Rhodes,0
Tom Niinimaki,1
Jamie Varner,7
Joe Ellenberger,1
Garett Whiteley,0
Dustin Kimura,2
Brendan Schaub,6
Matt Hobar,1
Isaac Vallie-Flagg,3
Yves Edwards,14
Juan Manuel Puig,0
Chris Heatherly,0
Humberto Brown Morrison,0
Rodolfo Rubio Perez,0
Charlie Brenneman,4
Tim Gorman,0
Wagner Silva,0
Vagner Rocha,1
Guto Inocente,1
Luke Zachrich,1
Jumabieke Tuerxun,0
Fabricio Camoes,2
Bruno Santos,1
Anthony Njokuani,7
Tor Troeng,1
Ernest Chavez,1
Amir Sadollah,6
Takenori Sato,0
Kazuki Tokudome,1
Dashon Johnson,0
Paulo Thiago,5
Johnny Bedford,2
Francis Carmont,6
Cung Le,9
Jianping Yang,0
Sai Wang,1
Danny Mitchell,0
Roland Delorme,3
Anying Wang,1
Jack May,0
Kyle Kingsbury,4
Hernani Perpetuo,0
Steven Siler,5
Phil Harris,1
Mike King,0
Cody Donovan,1
Pat Healy,8
Tina Lahdemaki,0
Daniel Spohn,1
Robert Drysdale,0
Guilherme Vasconcelos,0
Colton Smith,1
Chris Indich,0
Mike Easton,3
Jason High,8
Lance Benoist,2
Bobby Voelker,4
Chris Holdsworth,2
Ben Wall,0
Anthony Lapsley,0
Estevan Payan,2
Mark Bocek,8
Ronny Markes,3
Thiago Perpetuo,1
Jake Shields,16
Renee Forte,1
Will Campuzano,1
Robert McDaniel,1
Melvin Guillard,12
Cyrille Diabate,4
John Hathaway,7
Ivan Menjivar,4
Nam Phan,2
Albert Cheng,0
TJ Waldburger,4
Rafaello Oliveira,2
Cristiano Marcello,1
Nick Catone,4
Ramiro Hernandez,0
Mike Rio,1
Brian Houston,0
Shunichi Shimizu,0
Will Chope,0
Quinn Mulhern,3
Dave Galera,0
Chris Leben,14
Mac Danzig,5
Cody McKenzie,3
Roger Bowling,4
Darren Uyenoyama,5
Pat Barry,5
Julie Kedzie,0
Nick Ring,3
Peggy Morgan,0
Chael Sonnen,10
Edwin Figueroa,2
Jose Maria,0
Alessio Sakara,6
Rosi Sexton,0
Michael Kuiper,1
George Sotiropoulos,7
Adlan Amagov,5
Jeremy Larsen,0
Dustin Pague,1
Thiago Silva,13
Matt Hamill,10
Joey Beltran,3
Rousimar Palhares,13
David Mitchell,1
Iliarde Santos,0
Mike Ricci,1
Nandor Guelmino,0
Marcos Vinicius,1
Joao Zeferino,0
Keith Wisniewski,0
Yuri Villefort,0
Brandon Vera,10
Pascal Krauss,2
Ryan Couture,6
Jared Hamman,3
Martin Kampmann,12
Brian Melancon,2
Papy Abedi,1
James Head,2
Ben Alloway,1
Mike Brown,8
Vinny Magalhaes,1
Sheila Gaff,0
Josh Clopton,0
Ednaldo Oliveira,0
Bristol Marunde,0
Aaron Riley,4
John Albert,1
Roger Gracie,4
Dave Herman,2
Sean Pierson,4
John Maguire,2
Eddie Mendez,1
Karlos Vemola,2
TJ Grant,8
Nah-Shon Burrell,4
Brian Bowles,7
John Cholish,2
Roger Hollett,0
Azamat Gashimov,0
Alan Belcher,9
Cheick Kongo,11
Leonard Garcia,6
Clifford Starks,1
Gilbert Smith,0
Collin Hart,0
Jimmy Quinlan,0
Bart Palaszewski,5
Justin Lawrence,2
Philip De Fries,2
Pablo Garza,3
Adam Cella,0
Chris Spang,2
Besam Yousef,0
Colin Fletcher,0
Antonio Carvalho,2
Issei Tamura,1
Reuben Duran,1
Wanderlei Silva,27
Brian Stann,11
Riki Fukuda,3
Josh Neer,6
Lavar Johnson,5
Anton Kuivanen,1
Matt Grice,2
Caros Fodor,5
Brock Jardine,0
Jon Manley,0
Jorge Santiago,3
Che Mills,2
Matthew Riddle,7
Terry Etim,6
Paul Sass,3
Josh Grispi,4
Motonobu Tezuka,0
Ulysses Gomez,0
Jon Fitch,15
Jay Hieron,4
Jacob Volkmann,6
Mike Stumpf,0
Vladimir Matyushenko,8
Mike Russow,5
Simeon Thoresen,1
Milton Vieira,1
Diego Nunes,7
Pedro Nobre,0
Wagner Prado,0
CJ Keith,0
Byron Bloodworth,0
Shane del Rosario,3
Jonathan Brookins,2
John Cofer,0
Jared Papazian,0
Manuel Rodriguez,0
Brendan Loughnane,1
Nick Penner,0
Henry Martinez,1
Marcus LeVesseur,1
Mark Hominick,7
Chad Griggs,3
Rich Franklin,21
Zhang Tiequan,2
Jeff Hougland,1
Yasuhiro Urushitani,0
Tom DeBlass,0
Stephan Bonnar,8
Joey Gambino,0
Luiz Cane,4
Aaron Simpson,8
Carlo Prater,2
Shane Roller,8
Dan Hardy,6
Duane Ludwig,7
DaMarques Johnson,4
Jason Young,1
Walel Watson,1
Buddy Roberts,1
Tommy Hayden,0
Ken Stone,2
Eiji Mitsuoka,1
Oli Thompson,0
Michihiro Omigawa,4
Damacio Page,3
Josh Ferguson,0
Dan Stittgen,0
Forrest Griffin,12
Tito Ortiz,15
John Alessio,5
Yoislandy Izquierdo,0
Anistavio Medeiros,0
Delson Heleno,0
John Teixeira,0
Wagner Campos,0
Spencer Fisher,9
Luis Ramos,0
Ricardo Funch,0
Carlos Eduardo Rocha,1
Bernardo Magalhaes,0
Jake Hecht,1
Pat Schilling,0
Chris Tickle,0
Chris Saunders,0
Jason Miller,5
Jorge Lopez,0
Jason MacDonald,6
Kamal Shalorus,3
Jeff Curran,3
Alex Soto,0
Nick Denis,1
Mike Massenzio,2
Miguel Torres,8
Eddie Yagin,1
Eric Wisely,0
Aaron Rosa,2
Mackens Semerzier,2
Steve Cantwell,4
Chris Cope,2
Jon Olav Einemo,0
Christian Morecraft,1
Jorge Rivera,8
Eric Schafer,3
Daniel Roberts,3
Joseph Sandoval,0
Junior Assuncao,2
Claude Patrick,3
Krzysztof Soszynski,6
Dennis Hallman,6
Rich Attonito,3
Stephen Bass,0
Dustin Neace,0
Jason Brilz,3
Nick Pace,1
Shamar Bailey,2
Clay Harvison,1
Cole Escovedo,2
Paul Bradley,1
Matt Lucas,0
Edward Faaloloto,0
Rob Broughton,1
Tyson Griffin,9
Eliot Marshall,3
Danny Downes,1
Kenny Florian,13
Matt Hughes,18
Ricardo Romero,1
Donny Walker,0
Mike Lullo,0
Ian Loveland,1
Chris Lytle,12
TJ O'Brien,0
Jason Reinhardt,0
Andre Winner,2
Javier Vazquez,3
Joe Stevenson,11
Curt Warburton,1
Shane Carwin,5
Jesse Bongfeldt,0
Tim Credeur,3
Chuck O'Neil,0
Ryan McGillivray,0
Kendall Grove,7
Randy Couture,16
Charlie Valencia,5
Ryan Jensen,2
Kyle Watson,1
Jon Madsen,4
Kris McCray,0
Sean McCorkle,1
Mario Miranda,1
Waylon Lowe,2
Ricardo Almeida,8
Kurt Pellegrino,8
Rob Kimmons,3
Todd Brown,0
Tom Blackledge,0
Chris Tuchscherer,1
Maciej Jewtuszko,1
Antonio Banuelos,8
Paul Kelly,5
Paul Taylor,4
Gabe Ruediger,0
Tim Hague,1
Mike Guymon,1
Willamy Freire,0
Amilcar Alves,0
Marcus Davis,9
Phil Baroni,7
Greg Soto,1
Antonio McKee,0
Joe Doerksen,3
Dustin Hazelett,5
Pat Audinwood,0
Aaron Wilkinson,0
Tyler Toner,2
Sako Chivitchian,0
Fredson Paixao,2
Maiquel Falcao,1
Gerald Harris,4
Brian Foster,3
Karo Parisyan,8
Goran Reljic,1
Nick Osipczak,2
Alexandre Ferreira,0
Mark Scanlon,0
Seth Petruzelli,1
Gilbert Yvel,2
James Wilks,2
Vinicius Queiroz,0
Mark Holst,0
James McSweeney,1
Matt Serra,7
Sean Sherk,9
Steve Lopez,0
Julio Paulino,0
John Gunderson,1
Tomasz Drwal,3
Forrest Petz,2
James Toney,0
John Salter,2
Rodney Wallace,0
James Irvin,4
Steve Steinbeiss,0
Keith Jardine,10
Jamie Yager,0
Josh Bryant,0
James Hammortree,0
Chuck Liddell,18
David Loiseau,4
Jesse Lennox,2
Dan Lauzon,1
Joe Brammer,0
Jesse Forbes,0
Paul Daley,7
Kevin Ferguson,4
Jonathan Goulet,4
Yoshiyuki Yoshida,2
Renzo Gracie,4
Brad Blackburn,3
Matt Veach,1
Mostapha Al-Turk,0
Nate Quarry,7
Ronys Torres,0
Rob Emerson,3
Caol Uno,5
Lucio Linhares,0
Rory Markham,1
Paul Buentello,8
Shannon Gugerty,2
Chase Gormley,0
Mark Coleman,16
Frank Trigg,8
Justin Buchholz,1
Rolles Gracie,0
Jay Silva,0
Kyle Bradley,1
Wilson Gouveia,6
Shane Nelson,2
Kevin Burns,2
Houston Alexander,2
Marcus Jones,0
Darrill Schoonover,0
Justin Wren,0
Jake Rosholt,2
Brock Larson,7
Jason Dent,1
Denis Kang,7
Rolando Delgado,1
Antoni Hardonk,4
Razak Al-Hassan,0
Hermes Franca,7
Drew McFedries,4
Roger Huerta,6
Chris Wilson,1
Justin McCully,2
Marcus Aurelio,5
Dan Cramer,1
Danillo Villefort,1
Jake O'Brien,4
Mike Ciesnolevicz,1
Frank Lester,0
Cameron Dollar,0
Dale Hartt,1
Denis Stojnic,0
Xavier Foupa-Pokam,0
Andre Gusmao,0
Brandon Wolff,0
David Kaplan,0
David Bielkheden,1
Ryo Chonan,6
Carmelo Marrero,2
Junie Browning,1
Matt Horwich,0
Jesse Sanders,0
Nissen Osterneck,0
Joe Vedepo,0
Tim McKenzie,1
Pete Sell,2
Ryan Madigan,0
Jason Day,1
Michael Patt,0
Brian Cobb,0
Per Eklund,1
Neil Grove,0
Troy Mandaloniz,1
Luigi Fioravanti,4
Rich Clementi,5
Derek Downey,0
Steve Bruno,1
Akihiro Gono,8
Christian Wellisch,2
Matt Arroyo,1
Jeremy Horn,9
Tom Egan,0
Alexandre Barros,0
Antonio Mendes,0
Ivan Serati,0
Nate Mohr,1
Dean Lister,5
Mike Wessel,0
Reese Andy,0
Dan Evensen,0
Shane Primm,0
Jules Bruchez,0
John Polakowski,1
Nate Loughran,1
Brodie Farber,0
Johnny Rees,0
Corey Hill,1
Eddie Sanchez,3
Josh Hendricks,0
Jorge Gurgel,5
Alvin Robinson,1
Ryan Thomas,0
Rameau Thierry Sokoudjou,5
Neil Wain,0
Jess Liaudin,2
David Baron,0
Samy Schiavo,0
Brad Morris,0
Jason Lambert,4
Heath Herring,14
Luke Cummo,3
Cale Yarbrough,1
James Giboo,0
Evan Tanner,11
Dante Rivera,0
Marvin Eastman,3
Rob Yundt,0
Ivan Salaverry,4
Kazuhiro Nakamura,12
War Machine,1
Jason Tan,0
Travis Lutter,2
Kalib Starnes,2
Charles McCarthy,1
Kuniyoshi Hironaka,3
Din Thomas,5
Ryan Roberts,0
Jeff Cox,0
Roman Mitichyan,1
Tommy Speer,1
John Halverson,0
Tim Sylvia,9
David Heath,2
Terry Martin,4
Alberto Crane,0
Joe Veres,0
Colin Robinson,0
James Lee,1
Jordan Radev,0
Tony DeSouza,4
Doug Evans,0
Jared Rollins,0
Billy Miles,0
Dan Barrera,0
Richie Hightower,0
John Kolosci,0
Dorian Price,0
Paul Georgieff,0
Luke Caudillo,0
Jason Black,2
Diego Saraiva,0
Scott Junk,0
Edilberto de Oliveira,0
Anthony Torres,1
Renato Sobral,11
Mike Nickels,1
Jason Gilliam,0
Jens Pulver,10
Floyd Sword,0
Brandon Melendez,0
Andy Wang,0
Allen Berube,0
Brian Geraghty,0
Hector Ramirez,0
Rory Singer,2
Scott Smith,5
Stevie Lynch,0
Pete Spratt,3
Chad Reiner,0
Sean Salmon,0
Elvis Sinosic,1
Assuerio Silva,2
David Lee,0
Victor Valimaki,0
Brad Imes,0
Josh Haynes,0
Dokonjonosuke Mishima,2
Drew Fickett,5
Rex Holman,0
Sam Hoger,2
Chris Price,0
Ross Pointon,0
Marcio Cruz,2
Jeff Joslin,0
Shonie Carter,3
Dave Menne,2
Logan Clark,3
Steve Byrnes,0
Jeff Monson,6
Sherman Pendergarst,0
Josh Shockman,0
Edwin DeWees,0
Jeremy Jackson,0
Gideon Ray,0
Justin James,0
Ken Shamrock,8
Crafton Wallace,1
Mario Neto,0
Danny Abbadi,0
Rob MacDonald,1
Wes Combs,0
Cory Walmsley,0
Yuki Sasaki,0
Jason Von Flue,2
Kristof Midoux,0
Sammy Morgan,0
Dan Christison,1
Joe Jordan,0
Gilbert Aldana,0
Branden Lee Hinkle,1
Kristian Rothaermel,0
Justin Levens,1
Solomon Hutcherson,0
Royce Gracie,13
Fabiano Scherner,0
Rick Davis,0
Nick Thompson,1
David Terrell,2
Derrick Noble,0
Ansar Chalangov,0
Trevor Prangley,5
Steve Vigneault,0
Tom Murphy,1
Icho Larenas,0
Justin Eilers,2
Mike van Arsdale,3
Mike Whitehead,1
Alex Karalexis,5
Kevin Jordan,0
Jeff Newton,0
Kit Cope,0
Kerry Schall,0
Sean Gannon,0
Keigo Kunihara,0
Ron Faircloth,0
Tra Telligman,2
Brian Gassaway,0
Matt Lindland,11
Bill Mahood,0
Koji Oishi,0
Travis Wiuff,0
John Marsh,0
Bobby Southworth,3
Jason Thacker,0
Chris Sanford,0
Lodune Sincaid,0
Alex Schoenauer,0
Josh Rafferty,0
Mike Kyle,5
Renato Verissimo,1
Tony Fryklund,2
Vernon White,0
Ronald Jhun,0
Kimo Leopoldo,3
Curtis Stout,0
Tiki Ghosn,3
Wesley Correira,2
Wes Sims,0
Jonathan Wiezorek,1
Wade Shipp,0
Genki Sudo,2
Carlos Newton,8
Lee Murray,1
Falaniko Vitale,2
David Abbott,8
Pedro Rizzo,9
Ricco Rodriguez,10
Keith Rockel,1
Chris Liguori,0
Nick Agallar,0
Gan McGee,2
Dave Strasser,1
Gerald Strebendt,0
Ian Freeman,3
Eddie Ruiz,0
Romie Aram,1
Sean Alvarez,0
Richard Crunkilton,3
Mark Weir,1
Alexandre Dantas,0
Gil Castillo,1
Phillip Miller,2
Benji Radach,2
Eugene Jackson,6
Leigh Remedios,0
James Zikic,0
Chris Haseman,0
Nick Serra,0
Zach Light,0
Steve Berger,0
Rodrigo Ruas,0
Joao Pierini,0
Murilo Bustamante,7
Tsuyoshi Kohsaka,4
Paul Creighton,0
Amar Suloev,2
Andrei Semenov,1
Hayato Sakurai,15
Pat Miletich,8
Pete Williams,3
Kelly Dullanty,0
Jutaro Nakao,2
Kevin Randleman,8
Chris Brennan,3
Bobby Hoffman,0
Homer Moore,0
Roberto Traven,1
Fabiano Iha,3
Semmy Schilt,6
Yuki Kondo,2
Paul Rodriguez,0
Joey Gilbert,0
Phil Johns,0
Mark Robinson,0
Kenichi Yamamoto,2
Yoji Anjo,0
Daiju Takase,4
Lance Gibson,1
Maurice Smith,6
Aaron Brink,1
John Lewis,1
Mark Hughes,1
Alex Stiebling,3
Ben Earwood,1
Dan Severn,10
Laverne Clark,4
Tedd Williams,1
Tim Lajcik,0
Brad Gumm,0
CJ Fernandes,0
Tyrone Roberts,1
David Dodd,0
Amaury Bitetti,1
Alex Andrade,0
Marcelo Aguiar,0
Joao Roque,1
Nate Schroeder,0
Adrian Serrano,0
Sanae Kikuta,4
Ron Waterman,5
Satoshi Honma,1
Ikuhisa Minowa,18
Joe Slick,1
Steve Judson,0
Jermaine Andre,2
Bob Cook,1
David Velasquez,0
Scott Adams,1
Katsuhisa Fujii,2
Jason DeLucia,2
Keiichiro Yamamiya,0
Masutatsu Yano,0
Frank Shamrock,8
Jason Godsey,0
Brad Kohler,1
Paul Jones,1
Valeri Ignatov,0
Lowell Anderson,0
Alfonso Alcarez,0
Marco Ruas,5
Andre Pederneiras,0
Flavio Luiz Moura,0
Royce Alger,0
Andre Roberts,2
Travis Fulton,1
Bas Rutten,3
Tony Petarra,0
Marcelo Mello,1
David Roberts,0
Chris Condo,0
Guy Mezger,8
Gary Goodridge,14
Sione Latu,1
Joey Roberts,0
Jorge Patino,0
Jerry Bohlander,5
Mikey Burnett,2
Townsend Saunders,0
Darrel Gholar,0
Frank Caracci,0
John Lober,0
Ebenezer Fontes Braga,2
Tulio Palhares,1
Adriano Santos,0
Cesar Marscucci,1
Paulo Santos,0
Hugo Duarte,0
Joe Pardo,0
Bob Gilstrap,0
Allan Goes,2
Harry Moskowitz,0
Noe Hernandez,0
Igor Zinoviev,0
Kevin Jackson,2
Eugenio Tadeu,0
Courtney Turner,0
Josh Stuart,0
Kazushi Sakuraba,26
Marcus Silveira,0
Joe Charles,2
Mark Kerr,10
Dwayne Cason,1
Dave Beneteau,3
Carlos Barreto,1
Greg Stott,0
Houston Dorr,0
Alex Hunter,2
Dan Bobish,1
Brian Johnston,2
Moti Horenstein,0
Todd Butler,0
Joe Moreira,1
Yuri Vaulin,0
Sam Fulton,0
Donnie Chappell,0
Steven Graham,1
Tony Halme,0
Dmitri Stepanov,0
Enson Inoue,3
Christophe Leninger,0
Jack Nilson,1
Saeed Hosseini,0
Wes Albritton,0
Scott Ferrozzo,3
Nick Sanzo,1
Jim Mullen,0
Yoshiki Takahashi,1
Wallid Ismail,1
Rainy Martinez,0
Justin Martin,1
Eric Martin,0
Jackie Lee,0
Don Frye,12
Steve Nelmark,2
Mark Hall,4
Paul Varelans,4
Cal Worsham,1
Tai Bowden,1
Marcus Bossett,1
Felix Lee Mitchell,0
Fabio Gurgel,0
Sam Adkins,2
Reza Nasri,0
Julian Sanchez,0
Dave Berry,0
John Campetella,0
Scott Fiedler,0
Geza Kalman,1
Dieusel Berto,0
Koji Kitao,1
Mark Schultz,1
Rafael Carino,1
Matt Andersen,0
Zane Frazier,0
Paul Herrera,0
Thomas Ramirez,0
Keith Mielke,0
Oleg Taktarov,6
Keith Hackney,2
Steve Jennum,2
Trent Jenkins,0
Scott Bessac,1
Remco Pardoel,3
Larry Cureton,0
Ryan Parker,0
Harold Howard,1
Gerry Harris,0
David Hood,0
Onassis Parungao,1
Francesco Maturi,0
Joel Sutton,2
Anthony Macias,1
Patrick Smith,4
Rudyard Moncayo,0
John Matua,0
He-Man Gipson,0
Jack McGlaughlin,0
Todd Medina,1
Ernie Verdicia,0
Jon Hess,1
Andy Anderson,0
John Dowdy,0
Asbel Cancio,0
Melton Bowen,0
Joe Son,0
Ron van Clief,0
Jason Fairn,0
Eldo Xavier Dias,0
Kevin Rosier,1
Roland Payne,0
Emmanuel Yarborough,0
Johnny Rhodes,2
Orlando Wiet,1
Fred Ettish,0
Scott Morris,1
Minoki Ichihara,0
Scott Baker,0
Alberta Cerra Leon,0
Robert Lucarelli,0
Frank Hamaker,1
Thaddeus Luster,0
David Levicki,0
Ray Wizard,0
Sean Daugherty,0
